start;end;label
02/02/2025;02/02/2025;double date february 2025
25/02/2025;25/02/2025;pay day february 2025
03/03/2025;03/03/2025;double date march 2025
25/03/2025;25/03/2025;pay day march 2025
04/04/2025;04/04/2025;double date april 2025
25/04/2025;25/04/2025;pay day april 2025
05/05/2025;05/05/2025;double date may 2025
25/05/2025;25/05/2025;pay day may 2025
06/06/2025;06/06/2025;double date june 2025
25/06/2025;25/06/2025;pay day june 2025
07/07/2025;07/07/2025;double date july 2025
25/07/2025;25/07/2025;pay day july 2025
08/08/2025;08/08/2025;double date august 2025
25/08/2025;25/08/2025;pay day august 2025
09/09/2025;09/09/2025;double date september 2025
25/09/2025;25/09/2025;pay day september 2025
10/10/2025;10/10/2025;double date october 2025
25/10/2025;25/10/2025;pay day october 2025
11/11/2025;11/11/2025;double date november 2025
25/11/2025;25/11/2025;pay day november 2025
12/12/2025;12/12/2025;double date december 2025
02/02/2026;02/02/2026;double date february 2026
25/02/2026;25/02/2026;pay day february 2026
03/03/2026;03/03/2026;double date march 2026
25/03/2026;25/03/2026;pay day march 2026
04/04/2026;04/04/2026;double date april 2026
25/04/2026;25/04/2026;pay day april 2026
05/05/2026;05/05/2026;double date may 2026
25/05/2026;25/05/2026;pay day may 2026
06/06/2026;06/06/2026;double date june 2026
25/06/2026;25/06/2026;pay day june 2026
07/07/2026;07/07/2026;double date july 2026
25/07/2026;25/07/2026;pay day july 2026
08/08/2026;08/08/2026;double date august 2026
25/08/2026;25/08/2026;pay day august 2026
09/09/2026;09/09/2026;double date september 2026
25/09/2026;25/09/2026;pay day september 2026
10/10/2026;10/10/2026;double date october 2026
25/10/2026;25/10/2026;pay day october 2026
11/11/2026;11/11/2026;double date november 2026
25/11/2026;25/11/2026;pay day november 2026
12/12/2026;12/12/2026;double date december 2026
